scrape_id,shoe_sku,price,discount_1_text,discount_1_weighted,discount_2_text,discount_2_weighted,discount_3_text,discount_3_weighted,uk_size_5,uk_size_5_5,uk_size_6,uk_size_6_5,uk_size_7,uk_size_7_5,uk_size_8,uk_size_8_5,uk_size_9,uk_size_9_5,uk_size_10,page_ranking,website,scrape_time
15041500,1HK1147851BSW,839,No Discount,100,No Discount,100,No Discount,100,2,1,1,1,1,1,1,0,0,0,0,0,0,2025-04-15
15041501,1HK1164033BBLC,879,No Discount,100,No Discount,100,No Discount,100,1,2,2,2,2,0,0,0,0,0,0,1,0,2025-04-15
15041502,1HK1147810WTLT,1199,10% Off,90,No Discount,100,No Discount,100,2,2,2,2,2,2,0,0,0,0,0,2,0,2025-04-15
15041503,1HK1155113FSTS,1349,10% Off,90,No Discount,100,No Discount,100,2,2,2,2,2,0,0,0,0,0,0,3,0,2025-04-15
15041504,1HK1147810BKFS,1199,10% Off,90,No Discount,100,No Discount,100,2,2,2,2,1,2,0,0,0,0,0,4,0,2025-04-15
15041505,1HK1155151SZQ,1599,10% Off,90,No Discount,100,No Discount,100,2,1,2,2,1,2,2,0,0,0,0,5,0,2025-04-15
15041506,1HK1141570ORZ,999,No Discount,100,No Discount,100,No Discount,100,1,1,2,2,2,2,1,2,0,1,0,6,0,2025-04-15
15041507,1HK1155196OKS,1899,10% Off,90,No Discount,100,No Discount,100,2,2,2,1,1,1,1,0,0,0,0,7,0,2025-04-15
15041508,1HK1147811OMN,1299,10% Off,90,No Discount,100,No Discount,100,2,2,2,2,2,2,2,0,0,0,0,8,0,2025-04-15
15041509,1HK1155350BLTR,1499,10% Off,90,No Discount,100,No Discount,100,0,2,2,2,2,2,1,2,2,2,2,9,0,2025-04-15
15041510,1HK1134532STLLT,899,10% Off,90,No Discount,100,No Discount,100,0,2,0,2,0,2,0,1,0,1,0,10,0,2025-04-15
15041511,1HK1155370BWHT,1199,10% Off,90,No Discount,100,No Discount,100,0,2,2,2,2,2,2,2,2,2,2,11,0,2025-04-15
15041512,1HK1162012WWH,1499,10% Off,90,No Discount,100,No Discount,100,2,2,2,2,2,1,2,0,0,0,0,12,0,2025-04-15
15041513,1HK1162850SSTST,1299,No Discount,100,No Discount,100,No Discount,100,0,1,1,1,1,1,1,1,1,1,0,13,0,2025-04-15
15041514,1HK1133958FDEGG,1499,10% Off,90,No Discount,100,No Discount,100,2,2,2,2,2,2,2,0,0,0,0,14,0,2025-04-15
15041515,1HK1155350SHK,1499,No Discount,100,No Discount,100,No Discount,100,0,2,2,2,2,2,2,2,2,2,2,15,0,2025-04-15
15041516,1HK1147952BBLC,1699,No Discount,100,No Discount,100,No Discount,100,0,2,2,2,2,1,2,1,1,1,0,16,0,2025-04-15
15041517,1HK1164033WWH,879,No Discount,100,No Discount,100,No Discount,100,2,2,2,2,2,1,1,0,0,0,0,17,0,2025-04-15
15041518,1HK1123112WHWH,1199,10% Off,90,No Discount,100,No Discount,100,0,0,2,1,2,2,2,2,0,1,1,18,0,2025-04-15
15041519,1HK1127952WWH,839,No Discount,100,No Discount,100,No Discount,100,2,2,2,0,2,2,2,1,0,0,0,19,0,2025-04-15
15041520,1HK1162031VCH,1199,No Discount,100,No Discount,100,No Discount,100,2,2,2,2,2,2,2,0,0,0,0,20,0,2025-04-15
15041521,1HK1162031WWH,1199,No Discount,100,No Discount,100,No Discount,100,2,2,2,2,2,2,2,0,0,0,0,21,0,2025-04-15
15041522,1HK1127952SLRL,1119,No Discount,100,No Discount,100,No Discount,100,2,2,2,2,2,2,0,0,0,0,0,22,0,2025-04-15
15041523,1HK1127896FCK,1039,No Discount,100,No Discount,100,No Discount,100,2,2,2,2,1,1,0,0,0,0,0,23,0,2025-04-15
15041524,1HK1142830FBBLC,1279,No Discount,100,No Discount,100,No Discount,100,2,2,2,2,2,2,0,0,0,0,0,24,0,2025-04-15
15041525,1MLJ85950,239,No Discount,100,No Discount,100,No Discount,100,1,2,1,1,1,1,1,1,0,0,0,25,0,2025-04-15
15041526,108IF7005,539,No Discount,100,No Discount,100,No Discount,100,2,1,1,2,2,2,0,0,0,0,0,26,0,2025-04-15
15041527,108IE3699,899,VIP 10% Off,90,No Discount,100,No Discount,100,2,2,2,2,2,2,1,1,1,1,1,27,0,2025-04-15
15041528,108ID8845,999,No Discount,100,No Discount,100,No Discount,100,2,2,2,2,2,2,0,0,0,0,0,28,0,2025-04-15
15041529,108IE1435,289,No Discount,100,No Discount,100,No Discount,100,2,0,2,0,2,0,1,0,1,0,1,29,0,2025-04-15
15041530,108IE8800,418,No Discount,100,No Discount,100,No Discount,100,2,2,2,2,2,1,0,0,0,0,0,30,0,2025-04-15
15041531,108IG1273,299,VIP 10% Off,90,No Discount,100,No Discount,100,2,0,2,0,2,0,2,0,2,0,2,31,0,2025-04-15
15041532,108BB5476,799,VIP 10% Off,90,No Discount,100,No Discount,100,2,2,2,2,2,2,2,2,2,2,2,32,0,2025-04-15
15041533,108B75806,899,No Discount,100,No Discount,100,No Discount,100,2,2,2,2,2,2,2,2,2,2,2,33,0,2025-04-15
15041534,108BB5480,639,No Discount,100,No Discount,100,No Discount,100,2,2,2,2,2,2,1,1,2,1,2,34,0,2025-04-15
15041535,108EG6517,259,VIP 10% Off,90,No Discount,100,No Discount,100,1,0,1,0,2,0,2,0,2,0,2,35,0,2025-04-15
15041536,108GZ5891,299,VIP 10% Off,90,No Discount,100,No Discount,100,2,0,1,0,2,0,1,0,1,0,1,36,0,2025-04-15
15041537,108HQ4204,1099,VIP 10% Off,90,No Discount,100,No Discount,100,2,1,2,1,1,1,0,0,0,0,0,37,0,2025-04-15
15041538,108HQ8708,599,No Discount,100,No Discount,100,No Discount,100,1,1,1,2,1,1,0,2,2,2,2,38,0,2025-04-15
15041539,108HP5788,419,No Discount,100,No Discount,100,No Discount,100,0,1,1,1,1,1,0,0,0,0,0,39,0,2025-04-15
15041540,108HQ4206,1099,VIP 10% Off,90,No Discount,100,No Discount,100,2,2,2,1,2,2,0,0,0,0,0,40,0,2025-04-15
15041541,108ID9843,279,No Discount,100,No Discount,100,No Discount,100,1,1,1,1,1,1,1,1,1,1,0,41,0,2025-04-15
15041542,108H06125,449,No Discount,100,No Discount,100,No Discount,100,2,2,2,2,2,2,0,0,0,0,0,42,0,2025-04-15
15041543,108HQ4670,279,No Discount,100,No Discount,100,No Discount,100,2,0,2,0,2,0,2,0,2,0,1,43,0,2025-04-15
15041544,108IE7052,559,VIP 10% Off,90,No Discount,100,No Discount,100,2,0,2,0,2,0,0,0,0,0,0,44,0,2025-04-15
15041545,108HQ8752,419,No Discount,100,No Discount,100,No Discount,100,0,0,2,2,2,2,2,2,2,1,1,45,0,2025-04-15
15041546,108IE3403,899,VIP 10% Off,90,No Discount,100,No Discount,100,2,2,2,2,2,2,2,2,2,2,2,46,0,2025-04-15
15041547,108IF8064,399,No Discount,100,No Discount,100,No Discount,100,0,0,0,0,0,0,0,0,0,0,0,47,0,2025-04-15
15041548,10K31007904,499,Buy 2 Get 10% Off,90,No Discount,100,No Discount,100,2,2,2,2,0,0,0,0,0,0,0,48,0,2025-04-15
15041549,10K31015201,359,Buy 2 Get 10% Off,90,No Discount,100,No Discount,100,2,2,2,2,2,2,2,2,2,2,2,49,0,2025-04-15
15041550,10K31015206,359,Buy 2 Get 10% Off,90,No Discount,100,No Discount,100,2,2,2,2,1,1,1,1,1,0,0,50,0,2025-04-15
15041551,10K31069403,389,Buy 2 Get 10% Off,90,No Discount,100,No Discount,100,0,1,1,2,2,2,2,2,2,2,2,51,0,2025-04-15
15041552,10K31069405,329,Buy 2 Get 10% Off,90,No Discount,100,No Discount,100,2,2,2,2,1,1,1,1,1,0,0,52,0,2025-04-15
15041553,10K36962127,209,Buy 2 Get 10% Off,90,No Discount,100,No Discount,100,2,2,2,2,0,0,0,0,0,0,0,53,0,2025-04-15
15041554,10K36962129,209,Buy 2 Get 10% Off,90,No Discount,100,No Discount,100,2,2,2,2,0,0,0,0,0,0,0,54,0,2025-04-15
15041555,10K36962130,249,Buy 2 Get 10% Off,90,No Discount,100,No Discount,100,2,2,2,2,0,0,0,0,0,0,0,55,0,2025-04-15
15041556,10K36962131,249,Buy 2 Get 10% Off,90,No Discount,100,No Discount,100,2,2,2,2,0,0,0,0,0,0,0,56,0,2025-04-15
15041557,10K37112854,299,Buy 2 Get 10% Off,90,No Discount,100,No Discount,100,2,2,1,0,0,2,0,0,0,0,0,57,0,2025-04-15
15041558,10K37260502,399,Buy 2 Get 10% Off,90,No Discount,100,No Discount,100,2,2,0,0,2,0,0,0,0,2,2,58,0,2025-04-15
15041559,10K37704827,329,Buy 2 Get 10% Off,90,No Discount,100,No Discount,100,1,2,2,2,2,1,2,2,2,2,2,59,0,2025-04-15
15041560,10K37774901,999,Buy 1 Get 15% Off,85,Buy 2 Get 20% Off,80,No Discount,100,2,1,2,0,0,0,0,0,0,0,0,60,0,2025-04-15
15041561,10K37806823,419,Buy 2 Get 10% Off,90,No Discount,100,No Discount,100,2,2,2,2,0,0,0,0,0,0,0,61,0,2025-04-15
15041562,10K37806824,419,Buy 2 Get 10% Off,90,No Discount,100,No Discount,100,2,2,2,2,0,0,0,0,0,0,0,62,0,2025-04-15
15041563,10K37829114,359,Buy 2 Get 10% Off,90,No Discount,100,No Discount,100,1,2,1,1,1,1,1,1,1,0,0,63,0,2025-04-15
15041564,10K37877618,349,Buy 2 Get 10% Off,90,No Discount,100,No Discount,100,0,0,0,2,2,2,2,1,2,2,2,64,0,2025-04-15
15041565,10K37944306,389,Buy 2 Get 10% Off,90,No Discount,100,No Discount,100,0,0,0,1,2,2,0,0,0,0,2,65,0,2025-04-15
15041566,10K38302619,399,Buy 2 Get 10% Off,90,No Discount,100,No Discount,100,2,2,2,0,0,0,0,0,0,0,0,66,0,2025-04-15
15041567,10K38302603,349,Buy 2 Get 10% Off,90,No Discount,100,No Discount,100,2,2,2,0,0,0,0,0,0,0,0,67,0,2025-04-15
15041568,10K38311518,279,Buy 2 Get 10% Off,90,No Discount,100,No Discount,100,2,1,1,2,0,0,0,0,0,0,0,68,0,2025-04-15
15041569,10K38566902,349,Buy 2 Get 10% Off,90,No Discount,100,No Discount,100,0,1,2,2,2,2,2,2,2,2,2,69,0,2025-04-15
15041570,108JS1193,699,No Discount,100,No Discount,100,No Discount,100,2,2,2,2,2,2,2,1,1,1,0,70,0,2025-04-15
15041571,10K37767201,329,Buy 2 Get 10% Off,90,No Discount,100,No Discount,100,2,2,2,2,0,0,0,0,0,0,0,71,0,2025-04-15
15041572,10K31093101,329,Buy 2 Get 10% Off,90,No Discount,100,No Discount,100,2,2,2,2,1,1,0,0,0,0,0,72,0,2025-04-15
15041573,10K30998304,299,Buy 2 Get 10% Off,90,No Discount,100,No Discount,100,2,2,2,1,0,0,0,0,0,0,0,73,0,2025-04-15
15041574,10K30990201,329,Buy 2 Get 10% Off,90,No Discount,100,No Discount,100,1,1,2,2,2,2,2,2,2,2,2,74,0,2025-04-15
15041575,108JR2731,699,No Discount,100,No Discount,100,No Discount,100,2,1,2,2,1,2,2,1,1,1,2,75,0,2025-04-15
15041576,10K10768903,349,Buy 2 Get 10% Off,90,No Discount,100,No Discount,100,0,0,1,2,2,2,2,2,2,2,2,76,0,2025-04-15
15041577,10K10793703,489,Buy 2 Get 10% Off,90,No Discount,100,No Discount,100,0,0,1,2,2,2,2,2,2,2,2,77,0,2025-04-15
15041578,10K10793903,349,Buy 2 Get 10% Off,90,No Discount,100,No Discount,100,0,0,1,2,2,2,2,2,2,2,2,78,0,2025-04-15
15041579,10K31019601,1099,VIP 10% Off,90,No Discount,100,No Discount,100,2,2,2,1,0,0,0,0,0,0,0,79,0,2025-04-15
15041580,108JH6378,479,No Discount,100,No Discount,100,No Discount,100,1,1,1,1,1,1,1,1,1,2,1,80,0,2025-04-15
15041581,108JQ0955,539,No Discount,100,No Discount,100,No Discount,100,2,2,2,2,2,2,2,0,0,0,0,81,0,2025-04-15
15041582,108JR5859,699,No Discount,100,No Discount,100,No Discount,100,2,2,1,1,1,1,1,1,1,1,1,82,0,2025-04-15
15041583,108IH0856,249,No Discount,100,No Discount,100,No Discount,100,2,2,2,2,2,2,2,2,2,2,2,83,0,2025-04-15
15041584,108JI0836,799,VIP 10% Off,90,No Discount,100,No Discount,100,2,2,2,2,2,2,2,2,2,2,2,84,0,2025-04-15
15041585,108JI2714,899,VIP 10% Off,90,No Discount,100,No Discount,100,2,1,2,2,2,2,0,0,0,0,0,85,0,2025-04-15
15041586,108JQ0176,899,No Discount,100,No Discount,100,No Discount,100,2,2,2,2,2,2,2,2,2,2,2,86,0,2025-04-15
15041587,108JQ2554,799,No Discount,100,No Discount,100,No Discount,100,2,2,2,2,2,2,0,0,0,0,0,87,0,2025-04-15
15041588,108JQ5976,499,No Discount,100,No Discount,100,No Discount,100,2,2,1,1,1,1,1,1,1,1,1,88,0,2025-04-15
15041589,108JR1163,1699,No Discount,100,No Discount,100,No Discount,100,2,1,1,2,1,1,1,1,1,0,0,89,0,2025-04-15
15041590,108IH7799,1199,VIP 10% Off,90,No Discount,100,No Discount,100,2,2,2,2,2,2,2,2,2,2,1,90,0,2025-04-15
15041591,108JH6959,799,VIP 10% Off,90,No Discount,100,No Discount,100,2,2,2,2,2,1,0,0,0,0,0,91,0,2025-04-15
15041592,108JH6962,799,VIP 10% Off,90,No Discount,100,No Discount,100,2,2,2,2,2,1,0,0,0,0,0,92,0,2025-04-15
15041593,108JH7219,799,VIP 10% Off,90,No Discount,100,No Discount,100,2,2,2,2,2,2,0,0,0,0,0,93,0,2025-04-15
15041594,108JH7428,689,No Discount,100,No Discount,100,No Discount,100,1,2,2,2,2,2,1,1,1,1,1,94,0,2025-04-15
15041595,108JQ7439,639,No Discount,100,No Discount,100,No Discount,100,0,0,0,0,0,0,0,0,0,0,0,95,0,2025-04-15
15041596,10K31008902,999,Buy 1 Get 15% Off,85,Buy 2 Get 20% Off,80,No Discount,100,2,2,2,2,1,1,1,1,0,0,0,96,0,2025-04-15
15041597,10K31008901,999,Buy 1 Get 15% Off,85,Buy 2 Get 20% Off,80,No Discount,100,2,2,2,2,1,1,1,1,0,0,0,97,0,2025-04-15
15041598,10K37953807,359,Buy 2 Get 10% Off,90,No Discount,100,No Discount,100,2,1,1,1,1,1,1,1,1,1,1,98,0,2025-04-15
15041599,10K37944007,359,Buy 2 Get 10% Off,90,No Discount,100,No Discount,100,2,2,1,2,1,2,1,1,1,1,1,99,0,2025-04-15
150415100,10K30839502,479,Buy 2 Get 10% Off,90,No Discount,100,No Discount,100,1,1,1,2,2,2,2,2,2,2,2,100,0,2025-04-15
150415101,10K31090101,690,Buy 2 Get 10% Off,90,No Discount,100,No Discount,100,1,1,1,2,2,2,2,2,2,2,2,101,0,2025-04-15
150415102,10K19225702,299,Buy 2 Get 10% Off,90,No Discount,100,No Discount,100,0,1,1,2,2,2,1,2,1,2,2,102,0,2025-04-15
150415103,10K30966803,399,Buy 2 Get 10% Off,90,No Discount,100,No Discount,100,0,1,1,1,1,1,1,2,2,0,2,103,0,2025-04-15
150415104,10K30966808,399,Buy 2 Get 10% Off,90,No Discount,100,No Discount,100,2,2,2,2,2,2,2,2,2,0,0,104,0,2025-04-15
150415105,10K31007904,499,Buy 2 Get 10% Off,90,No Discount,100,No Discount,100,2,2,2,2,0,0,0,0,0,0,0,105,0,2025-04-15
150415106,10K31015201,359,Buy 2 Get 10% Off,90,No Discount,100,No Discount,100,2,2,2,2,2,2,2,2,2,2,2,106,0,2025-04-15
150415107,10K31015206,359,Buy 2 Get 10% Off,90,No Discount,100,No Discount,100,2,2,2,2,1,1,1,1,1,0,0,107,0,2025-04-15
150415108,10K31069403,389,Buy 2 Get 10% Off,90,No Discount,100,No Discount,100,0,1,1,2,2,2,2,2,2,2,2,108,0,2025-04-15
150415109,10K31069405,329,Buy 2 Get 10% Off,90,No Discount,100,No Discount,100,2,2,2,2,1,1,1,1,1,0,0,109,0,2025-04-15
150415110,10K36962127,209,Buy 2 Get 10% Off,90,No Discount,100,No Discount,100,2,2,2,2,0,0,0,0,0,0,0,110,0,2025-04-15
150415111,10K36962129,209,Buy 2 Get 10% Off,90,No Discount,100,No Discount,100,2,2,2,2,0,0,0,0,0,0,0,111,0,2025-04-15
150415112,10K36962130,249,Buy 2 Get 10% Off,90,No Discount,100,No Discount,100,2,2,2,2,0,0,0,0,0,0,0,112,0,2025-04-15
150415113,10K36962131,249,Buy 2 Get 10% Off,90,No Discount,100,No Discount,100,2,2,2,2,0,0,0,0,0,0,0,113,0,2025-04-15
150415114,10K37112854,299,Buy 2 Get 10% Off,90,No Discount,100,No Discount,100,2,2,1,0,0,2,0,0,0,0,0,114,0,2025-04-15
150415115,10K37260502,399,Buy 2 Get 10% Off,90,No Discount,100,No Discount,100,2,2,0,0,2,0,0,0,0,2,2,115,0,2025-04-15
150415116,10K37704827,329,Buy 2 Get 10% Off,90,No Discount,100,No Discount,100,1,2,2,2,2,1,2,2,2,2,2,116,0,2025-04-15
150415117,10K37774901,999,Buy 1 Get 15% Off,85,Buy 2 Get 20% Off,80,No Discount,100,2,1,2,0,0,0,0,0,0,0,0,117,0,2025-04-15
150415118,10K37806823,419,Buy 2 Get 10% Off,90,No Discount,100,No Discount,100,2,2,2,2,0,0,0,0,0,0,0,118,0,2025-04-15
150415119,10K30808402,479,Buy 2 Get 10% Off,90,No Discount,100,No Discount,100,0,0,0,0,0,0,0,0,0,0,0,119,0,2025-04-15
150415120,10K37806824,419,Buy 2 Get 10% Off,90,No Discount,100,No Discount,100,2,2,2,2,0,0,0,0,0,0,0,120,0,2025-04-15
150415121,10K37829114,359,Buy 2 Get 10% Off,90,No Discount,100,No Discount,100,1,2,1,1,1,1,1,1,1,0,0,121,0,2025-04-15
150415122,10K37877618,349,Buy 2 Get 10% Off,90,No Discount,100,No Discount,100,0,0,0,2,2,2,2,1,2,2,2,122,0,2025-04-15
150415123,10K37944306,389,Buy 2 Get 10% Off,90,No Discount,100,No Discount,100,0,0,0,1,2,2,0,0,0,0,2,123,0,2025-04-15
150415124,10K38302619,399,Buy 2 Get 10% Off,90,No Discount,100,No Discount,100,2,2,2,0,0,0,0,0,0,0,0,124,0,2025-04-15
150415125,10K38302603,349,Buy 2 Get 10% Off,90,No Discount,100,No Discount,100,2,2,2,0,0,0,0,0,0,0,0,125,0,2025-04-15
150415126,10K38311518,279,Buy 2 Get 10% Off,90,No Discount,100,No Discount,100,2,1,1,2,0,0,0,0,0,0,0,126,0,2025-04-15
150415127,10K38566902,349,Buy 2 Get 10% Off,90,No Discount,100,No Discount,100,0,1,2,2,2,2,2,2,2,2,2,127,0,2025-04-15
150415128,108JS1193,699,No Discount,100,No Discount,100,No Discount,100,2,2,2,2,2,2,2,1,1,1,0,128,0,2025-04-15
150415129,10K37767201,329,Buy 2 Get 10% Off,90,No Discount,100,No Discount,100,2,2,2,2,0,0,0,0,0,0,0,129,0,2025-04-15
150415130,10K31093101,329,Buy 2 Get 10% Off,90,No Discount,100,No Discount,100,2,2,2,2,1,1,0,0,0,0,0,130,0,2025-04-15
150415131,10K30998304,299,Buy 2 Get 10% Off,90,No Discount,100,No Discount,100,2,2,2,1,0,0,0,0,0,0,0,131,0,2025-04-15
150415132,10K30990201,329,Buy 2 Get 10% Off,90,No Discount,100,No Discount,100,1,1,2,2,2,2,2,2,2,2,2,132,0,2025-04-15
150415133,108JR2731,699,No Discount,100,No Discount,100,No Discount,100,2,1,2,2,1,2,2,1,1,1,2,133,0,2025-04-15
150415134,10K10768903,349,Buy 2 Get 10% Off,90,No Discount,100,No Discount,100,0,0,1,2,2,2,2,2,2,2,2,134,0,2025-04-15
150415135,10K10793703,489,Buy 2 Get 10% Off,90,No Discount,100,No Discount,100,0,0,1,2,2,2,2,2,2,2,2,135,0,2025-04-15
150415136,10K10793903,349,Buy 2 Get 10% Off,90,No Discount,100,No Discount,100,0,0,1,2,2,2,2,2,2,2,2,136,0,2025-04-15
150415137,10K31019601,1099,VIP 10% Off,90,No Discount,100,No Discount,100,2,2,2,1,0,0,0,0,0,0,0,137,0,2025-04-15
150415138,108JH6378,479,No Discount,100,No Discount,100,No Discount,100,1,1,1,1,1,1,1,1,1,2,1,138,0,2025-04-15
150415139,108JQ0955,539,No Discount,100,No Discount,100,No Discount,100,2,2,2,2,2,2,2,0,0,0,0,139,0,2025-04-15
150415140,108JR5859,699,No Discount,100,No Discount,100,No Discount,100,2,2,1,1,1,1,1,1,1,1,1,140,0,2025-04-15
150415141,108IH0856,249,No Discount,100,No Discount,100,No Discount,100,2,2,2,2,2,2,2,2,2,2,2,141,0,2025-04-15
150415142,108JI0836,799,VIP 10% Off,90,No Discount,100,No Discount,100,2,2,2,2,2,2,2,2,2,2,2,142,0,2025-04-15
150415143,108JI2714,899,VIP 10% Off,90,No Discount,100,No Discount,100,2,1,2,2,2,2,0,0,0,0,0,143,0,2025-04-15
150415144,108JQ0176,899,No Discount,100,No Discount,100,No Discount,100,2,2,2,2,2,2,2,2,2,2,2,144,0,2025-04-15
150415145,108JQ2554,799,No Discount,100,No Discount,100,No Discount,100,2,2,2,2,2,2,0,0,0,0,0,145,0,2025-04-15
150415146,108JQ5976,499,No Discount,100,No Discount,100,No Discount,100,2,2,1,1,1,1,1,1,1,1,1,146,0,2025-04-15
150415147,108JR1163,1699,No Discount,100,No Discount,100,No Discount,100,2,1,1,2,1,1,1,1,1,0,0,147,0,2025-04-15
150415148,108IH7799,1199,VIP 10% Off,90,No Discount,100,No Discount,100,2,2,2,2,2,2,2,2,2,2,1,148,0,2025-04-15
150415149,108JH6959,799,VIP 10% Off,90,No Discount,100,No Discount,100,2,2,2,2,2,1,0,0,0,0,0,149,0,2025-04-15
150415150,108JH6962,799,VIP 10% Off,90,No Discount,100,No Discount,100,2,2,2,2,2,1,0,0,0,0,0,150,0,2025-04-15
150415151,108JH7219,799,VIP 10% Off,90,No Discount,100,No Discount,100,2,2,2,2,2,2,0,0,0,0,0,151,0,2025-04-15
150415152,108JH7428,689,No Discount,100,No Discount,100,No Discount,100,1,2,2,2,2,2,1,1,1,1,1,152,0,2025-04-15
150415153,108JR8028,899,VIP 10% Off,90,No Discount,100,No Discount,100,2,2,2,2,2,2,1,1,1,1,1,153,0,2025-04-15
150415154,10K31078803,479,Buy 2 Get 10% Off,90,No Discount,100,No Discount,100,2,2,2,2,1,1,1,1,0,0,0,154,0,2025-04-15
150415155,108JH7299,899,No Discount,100,No Discount,100,No Discount,100,2,2,2,2,2,2,1,0,0,0,0,155,0,2025-04-15
150415156,108JI3538,899,VIP 10% Off,90,No Discount,100,No Discount,100,2,2,2,2,2,2,2,2,2,2,1,156,0,2025-04-15
150415157,108JQ7925,799,VIP 10% Off,90,No Discount,100,No Discount,100,2,2,2,2,2,2,0,0,0,0,0,157,0,2025-04-15
150415158,10K37774919,799,Buy 1 Get 15% Off,85,Buy 2 Get 20% Off,80,No Discount,100,2,2,2,1,0,0,0,0,0,0,0,158,0,2025-04-15
150415159,10K30970812,1099,VIP 10% Off,90,No Discount,100,No Discount,100,2,2,1,2,0,0,0,0,0,0,0,159,0,2025-04-15
150415160,108JR6362,1699,No Discount,100,No Discount,100,No Discount,100,2,2,1,2,2,2,0,0,0,0,0,160,0,2025-04-15
150415161,10K31047102,999,Buy 1 Get 15% Off,85,Buy 2 Get 20% Off,80,No Discount,100,2,2,2,2,0,0,0,0,0,0,0,161,0,2025-04-15
150415162,10K31047105,999,Buy 1 Get 15% Off,85,Buy 2 Get 20% Off,80,No Discount,100,2,2,2,1,0,0,0,0,0,0,0,162,0,2025-04-15
150415163,10K31078805,599,Buy 1 Get 15% Off,85,Buy 2 Get 20% Off,80,No Discount,100,2,2,2,2,0,0,0,0,0,0,0,163,0,2025-04-15
150415164,108JI2644,899,No Discount,100,No Discount,100,No Discount,100,2,2,2,2,2,2,0,0,0,0,0,164,0,2025-04-15
150415165,108JI2646,899,No Discount,100,No Discount,100,No Discount,100,2,2,2,2,2,2,0,0,0,0,0,165,0,2025-04-15
150415166,108JS3317,699,No Discount,100,No Discount,100,No Discount,100,2,2,2,2,2,2,0,0,0,0,0,166,0,2025-04-15
150415167,108JQ7439,639,No Discount,100,No Discount,100,No Discount,100,0,0,0,0,0,0,0,0,0,0,0,167,0,2025-04-15
150415168,108JH7212,799,VIP 10% Off,90,No Discount,100,No Discount,100,2,2,2,2,2,2,0,0,0,0,0,168,0,2025-04-15
150415169,150132170C,549,Buy 1 Get 10% Off,90,Buy 2 Get 20% Off,80,No Discount,100,2,1,2,2,2,2,2,2,2,2,1,169,0,2025-04-15
150415170,150162053C,649,Buy 1 Get 10% Off,90,Buy 2 Get 20% Off,80,No Discount,100,2,2,2,2,1,2,2,1,1,1,0,170,0,2025-04-15
150415171,150162056C,649,Buy 1 Get 10% Off,90,Buy 2 Get 20% Off,80,No Discount,100,2,2,2,2,2,2,2,1,1,1,0,171,0,2025-04-15
150415172,150162058C,599,Buy 1 Get 10% Off,90,Buy 2 Get 20% Off,80,No Discount,100,2,2,2,2,2,2,2,2,1,1,0,172,0,2025-04-15
150415173,129L47454000,1298,10% Off,90,No Discount,100,No Discount,100,2,2,1,1,1,1,0,0,0,0,0,173,0,2025-04-15
150415174,1151103A027122,299,No Discount,100,No Discount,100,No Discount,100,0,0,2,2,2,2,2,2,2,1,0,174,0,2025-04-15
150415175,129L47443700,1298,10% Off,90,No Discount,100,No Discount,100,2,1,2,2,2,1,0,0,0,0,0,175,0,2025-04-15
150415176,129L47432400,898,10% Off,90,No Discount,100,No Discount,100,2,2,2,2,2,2,0,0,0,0,0,176,0,2025-04-15
150415177,1151042A250102,499,No Discount,100,No Discount,100,No Discount,100,1,2,1,1,2,2,1,0,0,0,0,177,0,2025-04-15
150415178,1151072A107020,299,No Discount,100,No Discount,100,No Discount,100,1,1,2,1,2,1,1,1,0,0,0,178,0,2025-04-15
150415179,1151072A106101,409,No Discount,100,No Discount,100,No Discount,100,0,1,2,2,2,2,1,1,0,0,0,179,0,2025-04-15
150415180,13ZS10768221,1609,No Discount,100,No Discount,100,No Discount,100,2,2,2,2,2,2,0,0,0,0,0,180,0,2025-04-15
150415181,129L47686400,1598,10% Off,90,No Discount,100,No Discount,100,2,1,2,2,1,1,1,1,1,1,1,181,0,2025-04-15
150415182,1151042A250101,990,VIP 10% Off,90,No Discount,100,No Discount,100,2,2,2,2,1,2,2,0,0,0,0,182,0,2025-04-15
150415183,1151052A069111,990,VIP 10% Off,90,No Discount,100,No Discount,100,1,2,0,1,1,1,2,2,0,0,0,183,0,2025-04-15
150415184,1151052A075103,990,VIP 10% Off,90,No Discount,100,No Discount,100,2,2,2,1,1,1,1,1,0,0,0,184,0,2025-04-15
150415185,1151063A070103,1090,VIP 10% Off,90,No Discount,100,No Discount,100,0,0,2,2,2,2,2,2,0,2,0,185,0,2025-04-15
150415186,129L47744700,1498,10% Off,90,No Discount,100,No Discount,100,1,2,2,2,2,1,0,0,0,0,0,186,0,2025-04-15
150415187,1151042A237101,299,No Discount,100,No Discount,100,No Discount,100,0,0,0,0,0,0,0,0,0,0,0,187,0,2025-04-15
150415188,129L47117300,898,10% Off,90,No Discount,100,No Discount,100,0,0,0,0,0,0,0,0,0,0,0,188,0,2025-04-15
150415189,13ZS10940136,699,No Discount,100,No Discount,100,No Discount,100,0,0,0,0,0,0,0,0,0,0,0,189,0,2025-04-15
150415190,1151042A211106,359,No Discount,100,No Discount,100,No Discount,100,0,0,0,0,0,0,0,0,0,0,0,190,0,2025-04-15
150415191,1151052A075101,689,No Discount,100,No Discount,100,No Discount,100,0,0,0,0,0,0,0,0,0,0,0,191,0,2025-04-15
150415192,10K39501708,349,Buy 2 Get 10% Off,90,No Discount,100,No Discount,100,2,2,1,2,0,0,0,0,0,0,0,192,0,2025-04-15
150415193,10K39501710,349,Buy 2 Get 10% Off,90,No Discount,100,No Discount,100,2,2,2,2,0,0,0,0,0,0,0,193,0,2025-04-15
150415194,10K39501801,349,Buy 2 Get 10% Off,90,No Discount,100,No Discount,100,2,2,2,2,2,2,2,2,2,2,2,194,0,2025-04-15
150415195,10K39501803,299,Buy 2 Get 10% Off,90,No Discount,100,No Discount,100,0,1,1,2,1,2,2,2,2,1,2,195,0,2025-04-15
150415196,10K39509501,299,Buy 2 Get 10% Off,90,No Discount,100,No Discount,100,2,2,2,2,0,0,0,0,0,0,0,196,0,2025-04-15
150415197,10K39543201,209,Buy 2 Get 10% Off,90,No Discount,100,No Discount,100,2,0,1,0,1,0,1,0,1,0,1,197,0,2025-04-15
150415198,10K38640116,299,Buy 2 Get 10% Off,90,No Discount,100,No Discount,100,2,1,2,2,0,0,0,0,0,0,0,198,0,2025-04-15
150415199,10K38640123,299,Buy 2 Get 10% Off,90,No Discount,100,No Discount,100,1,2,0,0,0,0,0,0,0,0,0,199,0,2025-04-15
150415200,10K38761103,299,Buy 2 Get 10% Off,90,No Discount,100,No Discount,100,2,2,2,2,0,0,0,0,0,0,0,200,0,2025-04-15
150415201,10K38760702,349,Buy 2 Get 10% Off,90,No Discount,100,No Discount,100,2,2,2,2,1,1,1,1,1,0,0,201,0,2025-04-15
150415202,10K38908209,179,Buy 2 Get 10% Off,90,No Discount,100,No Discount,100,1,0,2,0,2,0,0,0,0,0,0,202,0,2025-04-15
150415203,10K39942701,290,Buy 2 Get 10% Off,90,No Discount,100,No Discount,100,2,0,2,0,2,0,0,0,0,0,0,203,0,2025-04-15
150415204,10K39925008,329,Buy 2 Get 10% Off,90,No Discount,100,No Discount,100,1,2,1,2,2,1,2,2,2,1,2,204,0,2025-04-15
150415205,10K39925007,329,Buy 2 Get 10% Off,90,No Discount,100,No Discount,100,1,2,1,1,2,1,1,1,1,1,1,205,0,2025-04-15
150415206,10K39925006,329,Buy 2 Get 10% Off,90,No Discount,100,No Discount,100,2,2,2,2,2,2,2,2,2,2,1,206,0,2025-04-15
150415207,10K39290114,329,Buy 2 Get 10% Off,90,No Discount,100,No Discount,100,2,2,2,1,2,2,1,2,2,2,2,207,0,2025-04-15
150415208,112M2002RRD,769,No Discount,100,No Discount,100,No Discount,100,2,2,2,1,1,1,1,1,1,1,0,208,0,2025-04-15
150415209,112ML725BA,679,No Discount,100,No Discount,100,No Discount,100,2,2,2,2,1,1,1,2,2,1,0,209,0,2025-04-15
150415210,10K38731302,209,Buy 2 Get 10% Off,90,No Discount,100,No Discount,100,2,0,2,0,2,0,0,0,0,0,0,210,0,2025-04-15
150415211,150132170C,549,Buy 1 Get 10% Off,90,Buy 2 Get 20% Off,80,No Discount,100,2,1,2,2,2,2,2,2,2,2,1,211,0,2025-04-15
150415212,150162053C,649,Buy 1 Get 10% Off,90,Buy 2 Get 20% Off,80,No Discount,100,2,2,2,2,1,2,2,1,1,1,0,212,0,2025-04-15
150415213,150162056C,649,Buy 1 Get 10% Off,90,Buy 2 Get 20% Off,80,No Discount,100,2,2,2,2,2,2,2,1,1,1,0,213,0,2025-04-15
150415214,150162058C,599,Buy 1 Get 10% Off,90,Buy 2 Get 20% Off,80,No Discount,100,2,2,2,2,2,2,2,2,1,1,0,214,0,2025-04-15
150415215,129L47454000,1298,10% Off,90,No Discount,100,No Discount,100,2,2,1,1,1,1,0,0,0,0,0,215,0,2025-04-15
150415216,10K39543201,209,Buy 2 Get 10% Off,90,No Discount,100,No Discount,100,2,0,1,0,1,0,1,0,1,0,1,216,0,2025-04-15
150415217,10K38640116,299,Buy 2 Get 10% Off,90,No Discount,100,No Discount,100,2,1,2,2,0,0,0,0,0,0,0,217,0,2025-04-15
150415218,10K38640123,299,Buy 2 Get 10% Off,90,No Discount,100,No Discount,100,1,2,0,0,0,0,0,0,0,0,0,218,0,2025-04-15
150415219,10K38761103,299,Buy 2 Get 10% Off,90,No Discount,100,No Discount,100,2,2,2,2,0,0,0,0,0,0,0,219,0,2025-04-15
150415220,10K38760702,349,Buy 2 Get 10% Off,90,No Discount,100,No Discount,100,2,2,2,2,1,1,1,1,1,0,0,220,0,2025-04-15
150415221,10K38908209,179,Buy 2 Get 10% Off,90,No Discount,100,No Discount,100,1,0,2,0,2,0,0,0,0,0,0,221,0,2025-04-15
150415222,10K39942701,290,Buy 2 Get 10% Off,90,No Discount,100,No Discount,100,2,0,2,0,2,0,0,0,0,0,0,222,0,2025-04-15
150415223,10K39925008,329,Buy 2 Get 10% Off,90,No Discount,100,No Discount,100,1,2,1,2,2,1,2,2,2,1,2,223,0,2025-04-15
150415224,10K39925007,329,Buy 2 Get 10% Off,90,No Discount,100,No Discount,100,1,2,1,1,2,1,1,1,1,1,1,224,0,2025-04-15
150415225,10K39925006,329,Buy 2 Get 10% Off,90,No Discount,100,No Discount,100,2,2,2,2,2,2,2,2,2,2,1,225,0,2025-04-15
150415226,10K39290114,329,Buy 2 Get 10% Off,90,No Discount,100,No Discount,100,2,2,2,1,2,2,1,2,2,2,2,226,0,2025-04-15
150415227,112M2002RRD,769,No Discount,100,No Discount,100,No Discount,100,2,2,2,1,1,1,1,1,1,1,0,227,0,2025-04-15
150415228,112ML725BA,679,No Discount,100,No Discount,100,No Discount,100,2,2,2,2,1,1,1,2,2,1,0,228,0,2025-04-15
150415229,10K38731302,209,Buy 2 Get 10% Off,90,No Discount,100,No Discount,100,2,0,2,0,2,0,0,0,0,0,0,229,0,2025-04-15
150415230,112ML2002RA,1099,No Discount,100,No Discount,100,No Discount,100,0,2,2,1,1,2,1,2,1,1,0,230,0,2025-04-15
150415231,112CM878EC1,849,Buy 1 Get 10% Off,90,Buy 2 Get 20% Off,80,No Discount,100,2,2,2,0,1,1,1,1,1,1,0,231,0,2025-04-15
150415232,112M2002RXC,1499,Buy 1 Get 10% Off,90,Buy 2 Get 20% Off,80,No Discount,100,1,1,1,1,1,1,1,1,1,1,0,232,0,2025-04-15
150415233,112M1906REH,1099,No Discount,100,No Discount,100,No Discount,100,2,2,2,2,2,2,2,2,2,2,0,233,0,2025-04-15
150415234,112CM996SD2,449,No Discount,100,No Discount,100,No Discount,100,1,1,1,0,1,1,1,1,1,1,0,234,0,2025-04-15
150415235,112M1906RER,1099,No Discount,100,No Discount,100,No Discount,100,2,2,2,1,1,1,1,2,1,1,0,235,0,2025-04-15
150415236,10K39737709,389,Buy 2 Get 10% Off,90,No Discount,100,No Discount,100,2,2,1,1,1,1,1,1,1,1,1,236,0,2025-04-15
150415237,10K39737705,389,Buy 2 Get 10% Off,90,No Discount,100,No Discount,100,2,2,1,2,2,1,2,2,2,2,1,237,0,2025-04-15
150415238,112CM878BC1,429,No Discount,100,No Discount,100,No Discount,100,0,0,0,0,0,0,0,0,0,0,0,238,0,2025-04-15
150415239,112M2002RPP,549,No Discount,100,No Discount,100,No Discount,100,0,0,0,0,0,0,0,0,0,0,0,239,0,2025-04-15
150415240,1151072A107101,490,VIP 10% Off,90,No Discount,100,No Discount,100,2,2,2,2,2,2,2,2,0,0,0,240,0,2025-04-15
150415241,1151273A029100,990,VIP 10% Off,90,No Discount,100,No Discount,100,2,2,0,2,2,2,2,2,2,0,0,241,0,2025-04-15
150415242,13ZS10996130,1599,VIP 10% Off,90,No Discount,100,No Discount,100,2,2,2,2,2,1,0,0,0,0,0,242,0,2025-04-15
150415243,13ZS707399,1299,VIP 10% Off,90,No Discount,100,No Discount,100,0,0,2,2,2,2,2,2,1,1,0,243,0,2025-04-15
150415244,13ZS709071,1299,VIP 10% Off,90,No Discount,100,No Discount,100,0,0,1,2,2,2,2,2,1,1,0,244,0,2025-04-15
150415245,1151012B414002,619,No Discount,100,No Discount,100,No Discount,100,2,2,2,2,2,2,2,1,0,0,0,245,0,2025-04-15
150415246,1151012B506004,449,No Discount,100,No Discount,100,No Discount,100,1,1,1,1,1,2,1,1,0,0,0,246,0,2025-04-15
150415247,112WS327GA,429,No Discount,100,No Discount,100,No Discount,100,1,1,1,1,1,1,0,0,0,0,0,247,0,2025-04-15
150415248,112WS327GC,339,No Discount,100,No Discount,100,No Discount,100,1,1,1,1,1,1,0,0,0,0,0,248,0,2025-04-15
150415249,1151012B671300,699,No Discount,100,No Discount,100,No Discount,100,1,1,1,2,1,1,1,1,0,0,0,249,0,2025-04-15
150415250,112WS327KF,429,No Discount,100,No Discount,100,No Discount,100,1,1,1,1,1,1,0,0,0,0,0,250,0,2025-04-15
150415251,1151012B601005,779,No Discount,100,No Discount,100,No Discount,100,2,2,2,2,2,2,2,0,0,0,0,251,0,2025-04-15
150415252,1151012B676500,599,No Discount,100,No Discount,100,No Discount,100,2,2,2,2,2,2,1,0,0,0,0,252,0,2025-04-15
150415253,1151012B786200,1390,VIP 10% Off,90,No Discount,100,No Discount,100,2,2,2,2,2,2,2,1,0,0,0,253,0,2025-04-15
150415254,112WS237SSP,349,No Discount,100,No Discount,100,No Discount,100,1,1,0,1,1,1,0,0,0,0,0,254,0,2025-04-15
150415255,112WTHIERF8,549,No Discount,100,No Discount,100,No Discount,100,1,1,1,1,2,1,0,0,0,0,0,255,0,2025-04-15
150415256,1151012B599250,619,No Discount,100,No Discount,100,No Discount,100,2,1,2,2,2,2,2,1,0,0,0,256,0,2025-04-15
150415257,1151012B666002,890,VIP 10% Off,90,No Discount,100,No Discount,100,2,2,2,2,2,2,2,1,0,0,0,257,0,2025-04-15
150415258,1151012B666101,619,No Discount,100,No Discount,100,No Discount,100,1,2,2,1,2,1,1,1,0,0,0,258,0,2025-04-15
150415259,1151012B666300,619,No Discount,100,No Discount,100,No Discount,100,2,2,2,2,2,2,2,0,0,0,0,259,0,2025-04-15
150415260,1151012B357001,699,No Discount,100,No Discount,100,No Discount,100,0,0,0,0,0,0,0,0,0,0,0,260,0,2025-04-15
150415261,1151012B601100,649,No Discount,100,No Discount,100,No Discount,100,0,0,0,0,0,0,0,0,0,0,0,261,0,2025-04-15
150415262,112WS327KE,429,No Discount,100,No Discount,100,No Discount,100,0,0,0,0,0,0,0,0,0,0,0,262,0,2025-04-15
150415263,1151012B670100,699,No Discount,100,No Discount,100,No Discount,100,0,0,0,0,0,0,0,0,0,0,0,263,0,2025-04-15
150415264,1151012B671003,969,No Discount,100,No Discount,100,No Discount,100,1,2,1,2,1,1,2,0,0,0,0,264,0,2025-04-15
150415265,1151012B666021,619,No Discount,100,No Discount,100,No Discount,100,2,2,2,2,2,2,1,1,0,0,0,265,0,2025-04-15
150415266,112WS327JA,499,No Discount,100,No Discount,100,No Discount,100,2,2,2,1,1,1,0,0,0,0,0,266,0,2025-04-15
150415267,1151012B607003,869,No Discount,100,No Discount,100,No Discount,100,2,2,2,2,2,1,1,1,0,0,0,267,0,2025-04-15
150415268,1151012B699001,869,No Discount,100,No Discount,100,No Discount,100,2,2,2,2,2,2,2,0,0,0,0,268,0,2025-04-15
150415269,112WTHIGA8,779,No Discount,100,No Discount,100,No Discount,100,2,2,2,2,2,2,0,0,0,0,0,269,0,2025-04-15
150415270,112WW880TB6,539,No Discount,100,No Discount,100,No Discount,100,1,1,1,1,2,2,0,0,0,0,0,270,0,2025-04-15
150415271,112WS327NKC,599,No Discount,100,No Discount,100,No Discount,100,2,2,2,1,1,1,0,0,0,0,0,271,0,2025-04-15
150415272,112WS327TBB,849,Buy 1 Get 10% Off,90,Buy 2 Get 20% Off,80,No Discount,100,2,1,2,2,1,0,0,0,0,0,0,272,0,2025-04-15
150415273,112WTTTRSLW,559,No Discount,100,No Discount,100,No Discount,100,2,2,2,2,2,1,0,0,0,0,0,273,0,2025-04-15
150415274,1151012B666301,890,VIP 10% Off,90,No Discount,100,No Discount,100,2,2,2,2,2,2,2,2,0,0,0,274,0,2025-04-15
150415275,1151012B670301,1390,VIP 10% Off,90,No Discount,100,No Discount,100,2,2,2,2,2,1,1,1,0,0,0,275,0,2025-04-15
150415276,1151012B671401,1390,VIP 10% Off,90,No Discount,100,No Discount,100,2,2,2,2,2,2,2,2,0,0,0,276,0,2025-04-15
150415277,1151012B752020,1290,VIP 10% Off,90,No Discount,100,No Discount,100,2,2,2,2,2,2,2,2,0,0,0,277,0,2025-04-15
150415278,1151012B753001,1290,VIP 10% Off,90,No Discount,100,No Discount,100,2,2,2,2,2,2,2,0,0,0,0,278,0,2025-04-15
150415279,1151012B765100,990,VIP 10% Off,90,No Discount,100,No Discount,100,2,2,2,2,2,2,2,0,0,0,0,279,0,2025-04-15
150415280,1151012B874100,1390,VIP 10% Off,90,No Discount,100,No Discount,100,2,2,2,2,2,2,2,2,0,0,0,280,0,2025-04-15
150415281,1151012B876200,890,VIP 10% Off,90,No Discount,100,No Discount,100,1,1,1,1,2,1,1,1,0,0,0,281,0,2025-04-15
150415282,1151012B770002,890,VIP 10% Off,90,No Discount,100,No Discount,100,2,2,2,2,2,2,2,2,0,0,0,282,0,2025-04-15
150415283,112WS327DCB,899,Buy 1 Get 10% Off,90,Buy 2 Get 20% Off,80,No Discount,100,2,2,2,2,2,2,0,0,0,0,0,283,0,2025-04-15
150415284,112WS327FTA,849,Buy 1 Get 10% Off,90,Buy 2 Get 20% Off,80,No Discount,100,2,2,2,2,2,2,0,0,0,0,0,284,0,2025-04-15
150415285,1151012B772100,890,VIP 10% Off,90,No Discount,100,No Discount,100,2,2,2,2,2,2,2,2,0,0,0,285,0,2025-04-15
150415286,1151012B772300,890,VIP 10% Off,90,No Discount,100,No Discount,100,2,2,1,2,2,2,2,2,0,0,0,286,0,2025-04-15
150415287,112MS327FE,499,No Discount,100,No Discount,100,No Discount,100,2,2,1,1,1,1,1,1,1,1,0,287,0,2025-04-15
150415288,112MS327LAB,849,Buy 1 Get 10% Off,90,Buy 2 Get 20% Off,80,No Discount,100,2,2,2,2,2,2,2,2,2,1,0,288,0,2025-04-15
150415289,112MS327CWB,869,Buy 1 Get 10% Off,90,Buy 2 Get 20% Off,80,No Discount,100,0,2,2,2,2,0,1,2,2,1,0,289,0,2025-04-15
150415290,112MR530SH,799,Buy 1 Get 10% Off,90,Buy 2 Get 20% Off,80,No Discount,100,2,2,2,1,1,2,2,1,2,1,0,290,0,2025-04-15
150415291,112U327WRC,379,No Discount,100,No Discount,100,No Discount,100,0,2,2,1,0,0,0,0,0,0,0,291,0,2025-04-15
150415292,112U9060GRY,1299,Buy 1 Get 10% Off,90,Buy 2 Get 20% Off,80,No Discount,100,2,2,2,2,2,2,2,2,2,2,0,292,0,2025-04-15
150415293,112U574LGGD,359,No Discount,100,No Discount,100,No Discount,100,1,1,1,1,1,1,1,1,1,1,0,293,0,2025-04-15
150415294,112W680LK8,349,No Discount,100,No Discount,100,No Discount,100,2,1,2,2,1,2,0,0,0,0,0,294,0,2025-04-15
150415295,112U574LGG,299,No Discount,100,No Discount,100,No Discount,100,0,0,0,0,0,0,0,0,0,0,0,295,0,2025-04-15
150415296,112U1080R13,559,No Discount,100,No Discount,100,No Discount,100,0,1,1,2,1,1,1,1,1,1,0,296,0,2025-04-15
150415297,112WFCPRLG5,449,No Discount,100,No Discount,100,No Discount,100,2,2,1,1,2,1,0,0,0,0,0,297,0,2025-04-15
150415298,112WEVOVCA,399,No Discount,100,No Discount,100,No Discount,100,2,1,1,1,2,2,0,0,0,0,0,298,0,2025-04-15
150415299,112U1080I13,699,No Discount,100,No Discount,100,No Discount,100,2,2,2,2,2,2,1,1,1,1,0,299,0,2025-04-15
150415300,112UWRPDCCE,549,No Discount,100,No Discount,100,No Discount,100,2,2,2,2,2,2,1,2,2,1,0,300,0,2025-04-15
150415301,112UWRPDFCB,549,No Discount,100,No Discount,100,No Discount,100,2,2,2,1,1,2,2,2,1,1,0,301,0,2025-04-15
150415302,112W1080N14,979,No Discount,100,No Discount,100,No Discount,100,2,2,2,2,2,2,0,0,0,0,0,302,0,2025-04-15
150415303,112W680CC8,349,No Discount,100,No Discount,100,No Discount,100,1,1,1,1,1,1,0,0,0,0,0,303,0,2025-04-15
150415304,112MR530SX,639,No Discount,100,No Discount,100,No Discount,100,2,2,2,2,1,2,1,1,1,2,0,304,0,2025-04-15
150415305,112U370AE,639,No Discount,100,No Discount,100,No Discount,100,2,2,2,2,2,2,2,2,2,2,0,305,0,2025-04-15
150415306,112U574LGBP,719,No Discount,100,No Discount,100,No Discount,100,1,2,2,2,2,2,1,2,1,1,0,306,0,2025-04-15
150415307,112U574RBL,449,No Discount,100,No Discount,100,No Discount,100,2,2,2,2,2,2,2,2,2,1,0,307,0,2025-04-15
150415308,112UW1880S1,539,No Discount,100,No Discount,100,No Discount,100,0,1,2,2,1,1,1,2,1,1,0,308,0,2025-04-15
150415309,112U370AH,559,No Discount,100,No Discount,100,No Discount,100,2,2,2,2,2,2,2,2,2,1,0,309,0,2025-04-15
150415310,112MR530LG,479,No Discount,100,No Discount,100,No Discount,100,0,0,0,0,0,0,0,0,0,0,0,310,0,2025-04-15
150415311,112U9060ZGB,909,No Discount,100,No Discount,100,No Discount,100,0,0,0,0,0,0,0,0,0,0,0,311,0,2025-04-15
150415312,112U530CSE,799,Buy 1 Get 10% Off,90,Buy 2 Get 20% Off,80,No Discount,100,2,2,2,2,1,2,2,1,1,1,0,312,0,2025-04-15
150415313,112U530HFW,799,Buy 1 Get 10% Off,90,Buy 2 Get 20% Off,80,No Discount,100,2,2,2,2,0,0,0,0,0,0,0,313,0,2025-04-15
150415314,112U740IN2,849,Buy 1 Get 10% Off,90,Buy 2 Get 20% Off,80,No Discount,100,2,2,2,2,0,0,0,0,0,0,0,314,0,2025-04-15
150415315,112WL574WBE,479,No Discount,100,No Discount,100,No Discount,100,2,2,2,2,2,2,0,0,0,0,0,315,0,2025-04-15
150415316,112U2002RBL,1099,Buy 1 Get 10% Off,90,Buy 2 Get 20% Off,80,No Discount,100,2,2,2,2,2,2,2,2,2,1,0,316,0,2025-04-15
150415317,112U574VPA,529,No Discount,100,No Discount,100,No Discount,100,2,2,1,1,2,1,1,2,1,1,0,317,0,2025-04-15
150415318,112U574VPG,749,Buy 1 Get 10% Off,90,Buy 2 Get 20% Off,80,No Discount,100,0,2,2,2,2,2,2,2,2,1,0,318,0,2025-04-15
150415319,112UWRPDHSB,879,No Discount,100,No Discount,100,No Discount,100,2,2,2,2,2,2,2,2,2,1,0,319,0,2025-04-15
150415320,112WARISTD4,459,No Discount,100,No Discount,100,No Discount,100,2,2,2,2,2,2,0,0,0,0,0,320,0,2025-04-15
150415321,112WARISTS4,459,No Discount,100,No Discount,100,No Discount,100,2,2,2,2,2,2,0,0,0,0,0,321,0,2025-04-15
150415322,112U1906WFC,1099,Buy 1 Get 10% Off,90,Buy 2 Get 20% Off,80,No Discount,100,2,2,2,2,2,2,2,2,2,1,0,322,0,2025-04-15
150415323,112U740ST2,679,No Discount,100,No Discount,100,No Discount,100,2,2,2,1,0,0,0,0,0,0,0,323,0,2025-04-15
150415324,112W680RC8,489,No Discount,100,No Discount,100,No Discount,100,2,2,2,2,2,2,0,0,0,0,0,324,0,2025-04-15
150415325,112U1906NB,1099,Buy 1 Get 10% Off,90,Buy 2 Get 20% Off,80,No Discount,100,2,2,2,1,1,1,1,1,1,1,0,325,0,2025-04-15
150415326,112U1906NC,1099,Buy 1 Get 10% Off,90,Buy 2 Get 20% Off,80,No Discount,100,2,2,2,2,2,2,2,2,2,1,0,326,0,2025-04-15
150415327,112U574GDG,749,Buy 1 Get 10% Off,90,Buy 2 Get 20% Off,80,No Discount,100,2,1,2,2,2,1,1,1,1,1,0,327,0,2025-04-15
150415328,112U574YGD,749,Buy 1 Get 10% Off,90,Buy 2 Get 20% Off,80,No Discount,100,1,2,2,2,2,2,2,2,2,2,0,328,0,2025-04-15
150415329,112U530NEA,799,Buy 1 Get 10% Off,90,Buy 2 Get 20% Off,80,No Discount,100,2,2,2,2,2,2,2,2,2,2,0,329,0,2025-04-15
150415330,112U530NEB,799,Buy 1 Get 10% Off,90,Buy 2 Get 20% Off,80,No Discount,100,2,2,2,2,0,0,0,0,0,0,0,330,0,2025-04-15
150415331,150560251C,449,Buy 1 Get 10% Off,90,Buy 2 Get 20% Off,80,No Discount,100,2,1,2,2,2,1,1,1,1,1,0,331,0,2025-04-15
150415332,150568498C,329,No Discount,100,No Discount,100,No Discount,100,2,1,1,2,1,1,1,1,0,0,0,332,0,2025-04-15
150415333,1661017424MBCM,359,No Discount,100,No Discount,100,No Discount,100,0,2,0,2,0,2,0,0,0,0,0,333,0,2025-04-15
150415334,150570257C,499,Buy 1 Get 10% Off,90,Buy 2 Get 20% Off,80,No Discount,100,2,2,2,2,2,0,0,0,0,0,0,334,0,2025-04-15
150415335,150A00869C,749,Buy 1 Get 10% Off,90,Buy 2 Get 20% Off,80,No Discount,100,1,2,2,2,2,1,1,1,0,0,0,335,0,2025-04-15
150415336,15671GA228021,389,No Discount,100,No Discount,100,No Discount,100,0,0,0,0,0,0,0,0,0,0,0,336,0,2025-04-15
150415337,1661019040AGMT,239,No Discount,100,No Discount,100,No Discount,100,0,2,0,2,0,2,0,0,0,0,0,337,0,2025-04-15
150415338,1661019040MPC,199,No Discount,100,No Discount,100,No Discount,100,0,1,0,1,0,2,0,0,0,0,0,338,0,2025-04-15
150415339,15671GA234510,269,No Discount,100,No Discount,100,No Discount,100,0,0,0,0,0,0,0,0,0,0,0,339,0,2025-04-15
150415340,15671GA234532,269,No Discount,100,No Discount,100,No Discount,100,0,0,0,0,0,0,0,0,0,0,0,340,0,2025-04-15
150415341,150A10349C,399,Buy 1 Get 10% Off,90,Buy 2 Get 20% Off,80,No Discount,100,1,0,0,0,0,0,0,0,0,0,0,341,0,2025-04-15
150415342,15671GA253310,580,No Discount,100,No Discount,100,No Discount,100,0,0,0,0,0,0,0,0,0,0,0,342,0,2025-04-15
150415343,156P1GA252637,600,No Discount,100,No Discount,100,No Discount,100,0,0,0,0,0,0,0,0,0,0,0,343,0,2025-04-15
150415344,156P1GD252537,530,No Discount,100,No Discount,100,No Discount,100,0,0,0,0,0,0,0,0,0,0,0,344,0,2025-04-15
150415345,156V1GA258052,580,No Discount,100,No Discount,100,No Discount,100,0,0,0,0,0,0,0,0,0,0,0,345,0,2025-04-15
150415346,1664266BKGY,759,10% Off,90,VIP 15% Off,85,No Discount,100,0,2,0,2,0,1,0,0,0,0,0,346,0,2025-04-15
150415347,1664266BNS,539,No Discount,100,No Discount,100,No Discount,100,0,2,0,2,0,2,0,0,0,0,0,347,0,2025-04-15
150415348,171NF0A4T2SP5P1,179,No Discount,100,No Discount,100,No Discount,100,0,2,0,2,0,2,0,0,0,0,0,348,0,2025-04-15
150415349,1661134364LURK,1099,10% Off,90,VIP 15% Off,85,No Discount,100,0,2,0,2,0,2,0,0,0,0,0,349,0,2025-04-15
150415350,171NF0A8ADSTOB1,498,10% Off,90,VIP 10% Off,90,No Discount,100,0,2,0,2,0,2,0,0,0,0,0,350,0,2025-04-15
150415351,185119853BLK,299,No Discount,100,No Discount,100,No Discount,100,0,2,0,2,0,2,0,0,0,0,0,351,0,2025-04-15
150415352,185129600ROS,499,No Discount,100,No Discount,100,No Discount,100,0,2,0,2,0,2,0,0,0,0,0,352,0,2025-04-15
150415353,185150099TPCL,499,No Discount,100,No Discount,100,No Discount,100,0,2,0,2,0,2,0,0,0,0,0,353,0,2025-04-15
150415354,1661150270BLK,759,10% Off,90,VIP 15% Off,85,No Discount,100,0,2,0,2,0,2,0,0,0,0,0,354,0,2025-04-15
150415355,1661150270LURK,759,10% Off,90,VIP 15% Off,85,No Discount,100,0,2,0,2,0,2,0,0,0,0,0,355,0,2025-04-15
150415356,185158834BPT,299,No Discount,100,No Discount,100,No Discount,100,0,2,0,2,0,2,0,0,0,0,0,356,0,2025-04-15
150415357,171NF0A4T2SLA91,149,No Discount,100,No Discount,100,No Discount,100,0,0,0,0,0,0,0,0,0,0,0,357,0,2025-04-15
150415358,185128930NTPH,559,No Discount,100,No Discount,100,No Discount,100,0,0,0,0,0,0,0,0,0,0,0,358,0,2025-04-15
150415359,185125025BKLV,599,No Discount,100,No Discount,100,No Discount,100,0,0,0,0,0,0,0,0,0,0,0,359,0,2025-04-15
150415360,185129601LAV,759,No Discount,100,No Discount,100,No Discount,100,0,2,0,2,0,2,0,0,0,0,0,360,0,2025-04-15
150415361,185150105GYPK,559,No Discount,100,No Discount,100,No Discount,100,0,2,0,2,0,2,0,0,0,0,0,361,0,2025-04-15
150415362,185124375BKPK,599,No Discount,100,No Discount,100,No Discount,100,0,2,0,1,0,1,0,0,0,0,0,362,0,2025-04-15
150415363,185124375PLUM,559,No Discount,100,No Discount,100,No Discount,100,0,2,0,1,0,1,0,0,0,0,0,363,0,2025-04-15
150415364,185150241WLPK,559,No Discount,100,No Discount,100,No Discount,100,0,2,0,2,0,2,0,0,0,0,0,364,0,2025-04-15
150415365,185177390OFWT,559,No Discount,100,No Discount,100,No Discount,100,0,2,0,2,0,2,0,0,0,0,0,365,0,2025-04-15
150415366,185129265LGPK,699,No Discount,100,No Discount,100,No Discount,100,0,2,0,2,0,2,0,0,0,0,0,366,0,2025-04-15
150415367,185129644NAT,1099,Buy 2 Get 20% Off,80,Buy 3 Get 30% Off,70,VIP 15% Off,85,0,2,0,2,0,2,0,0,0,0,0,367,0,2025-04-15
150415368,185150105BKTN,899,Buy 2 Get 20% Off,80,Buy 3 Get 30% Off,70,VIP 15% Off,85,0,2,0,2,0,2,0,0,0,0,0,368,0,2025-04-15
150415369,185150536NTGY,899,Buy 2 Get 20% Off,80,Buy 3 Get 30% Off,70,VIP 15% Off,85,0,2,0,2,0,2,0,0,0,0,0,369,0,2025-04-15
150415370,185150537BKNT,999,Buy 2 Get 20% Off,80,Buy 3 Get 30% Off,70,VIP 15% Off,85,0,2,0,2,0,1,0,0,0,0,0,370,0,2025-04-15
150415371,185150584NTGD,999,Buy 2 Get 20% Off,80,Buy 3 Get 30% Off,70,VIP 15% Off,85,0,2,0,2,0,2,0,0,0,0,0,371,0,2025-04-15
150415372,17A3WE10112564,1590,No Discount,100,No Discount,100,No Discount,100,2,2,2,2,2,2,0,0,0,0,0,372,0,2025-04-15
150415373,185150522SAND,499,No Discount,100,No Discount,100,No Discount,100,0,2,0,1,0,2,0,0,0,0,0,373,0,2025-04-15
150415374,17A3WF10061200,1190,No Discount,100,No Discount,100,No Discount,100,2,2,2,2,2,1,0,0,0,0,0,374,0,2025-04-15
150415375,185108021ECBLK,899,Buy 2 Get 20% Off,80,Buy 3 Get 30% Off,70,VIP 15% Off,85,0,2,0,0,0,2,0,0,0,0,0,375,0,2025-04-15
150415376,185129336WHT,899,Buy 2 Get 20% Off,80,Buy 3 Get 30% Off,70,VIP 15% Off,85,0,2,0,0,0,2,0,0,0,0,0,376,0,2025-04-15
150415377,1661150270APS,759,10% Off,90,VIP 15% Off,85,No Discount,100,0,2,0,2,0,1,0,1,0,0,0,377,0,2025-04-15
150415378,1661166310BIR,799,10% Off,90,VIP 15% Off,85,No Discount,100,0,2,0,2,0,1,0,1,0,0,0,378,0,2025-04-15
150415379,1661169431BIR,759,10% Off,90,VIP 15% Off,85,No Discount,100,0,2,0,2,0,1,0,1,0,0,0,379,0,2025-04-15
150415380,1664266VPB,759,10% Off,90,VIP 15% Off,85,No Discount,100,0,2,0,2,0,1,0,1,0,0,0,380,0,2025-04-15
150415381,185150520OWBR,599,No Discount,100,No Discount,100,No Discount,100,0,0,0,0,0,0,0,0,0,0,0,381,0,2025-04-15
150415382,185129265LIL,699,No Discount,100,No Discount,100,No Discount,100,0,0,0,0,0,0,0,0,0,0,0,382,0,2025-04-15
150415383,185150457NAT,499,No Discount,100,No Discount,100,No Discount,100,0,0,0,0,0,0,0,0,0,0,0,383,0,2025-04-15
150415384,185129400LAV,1099,Buy 2 Get 20% Off,80,Buy 3 Get 30% Off,70,VIP 15% Off,85,0,2,0,2,0,2,0,0,0,0,0,384,0,2025-04-15
150415385,18573690WHT,559,No Discount,100,No Discount,100,No Discount,100,0,1,0,2,0,2,0,0,0,0,0,385,0,2025-04-15
150415386,1BK128183,500,No Discount,100,No Discount,100,No Discount,100,0,0,0,0,0,0,0,0,0,0,0,386,0,2025-04-15
150415387,1BK43733,690,No Discount,100,No Discount,100,No Discount,100,0,0,0,0,0,0,0,0,0,0,0,387,0,2025-04-15
150415388,1BK128201,500,No Discount,100,No Discount,100,No Discount,100,0,0,0,0,0,0,0,0,0,0,0,388,0,2025-04-15
150415389,1CS11033001,258,10% Off,90,No Discount,100,No Discount,100,0,0,0,0,0,0,0,0,0,0,0,389,0,2025-04-15
150415390,1BK151213,800,No Discount,100,No Discount,100,No Discount,100,0,0,0,0,0,0,0,0,0,0,0,390,0,2025-04-15
150415391,1BK71053,770,No Discount,100,No Discount,100,No Discount,100,0,0,0,0,0,0,0,0,0,0,0,391,0,2025-04-15
150415392,1BK71793,770,No Discount,100,No Discount,100,No Discount,100,0,0,0,0,0,0,0,0,0,0,0,392,0,2025-04-15
150415393,1BK1019152,500,No Discount,100,No Discount,100,No Discount,100,0,0,0,0,0,0,0,0,0,0,0,393,0,2025-04-15
150415394,1BK50463,1200,No Discount,100,No Discount,100,No Discount,100,0,0,0,0,0,0,0,0,0,0,0,394,0,2025-04-15
150415395,1CS10001001,468,10% Off,90,No Discount,100,No Discount,100,0,0,0,0,0,0,0,0,0,0,0,395,0,2025-04-15
150415396,1CB2053241063,549,No Discount,100,No Discount,100,No Discount,100,0,1,0,1,0,1,0,0,0,0,0,396,0,2025-04-15
150415397,1CB2078551088,549,No Discount,100,No Discount,100,No Discount,100,0,1,0,2,0,1,0,0,0,0,0,397,0,2025-04-15
150415398,1BK1026238,650,No Discount,100,No Discount,100,No Discount,100,0,0,0,0,0,0,0,0,0,0,0,398,0,2025-04-15
150415399,1BK1027382,650,No Discount,100,No Discount,100,No Discount,100,0,0,0,0,0,0,0,0,0,0,0,399,0,2025-04-15
150415400,1BK1027404,319,No Discount,100,No Discount,100,No Discount,100,0,0,0,0,0,0,0,0,0,0,0,400,0,2025-04-15
150415401,1CB2100102053,959,No Discount,100,No Discount,100,No Discount,100,0,1,0,2,0,2,0,0,0,0,0,401,0,2025-04-15
150415402,1CB2075111395,899,No Discount,100,No Discount,100,No Discount,100,0,1,0,1,0,1,0,0,0,0,0,402,0,2025-04-15
150415403,1CB2079161027,839,No Discount,100,No Discount,100,No Discount,100,0,2,0,2,0,2,0,0,0,0,0,403,0,2025-04-15
150415404,1CB2099882053,769,No Discount,100,No Discount,100,No Discount,100,0,2,0,2,0,2,0,0,0,0,0,404,0,2025-04-15
150415405,1CS10001302,279,No Discount,100,No Discount,100,No Discount,100,0,0,0,0,0,0,0,0,0,0,0,405,0,2025-04-15
150415406,1CB2100191010,1279,No Discount,100,No Discount,100,No Discount,100,0,2,0,2,0,2,0,0,0,0,0,406,0,2025-04-15
150415407,1BK551253,900,No Discount,100,No Discount,100,No Discount,100,0,0,0,0,0,0,0,0,0,0,0,407,0,2025-04-15
150415408,1CB2100191096,1279,No Discount,100,No Discount,100,No Discount,100,0,2,0,2,0,2,0,0,0,0,0,408,0,2025-04-15
150415409,1CB2101081091,1279,No Discount,100,No Discount,100,No Discount,100,0,2,0,2,0,2,0,0,0,0,0,409,0,2025-04-15
150415410,1CB2101081101,1279,No Discount,100,No Discount,100,No Discount,100,0,2,0,2,0,2,0,0,0,0,0,410,0,2025-04-15
150415411,1CS100016ZW,468,10% Off,90,No Discount,100,No Discount,100,0,0,0,0,0,0,0,0,0,0,0,411,0,2025-04-15
150415412,1BK1027630,590,No Discount,100,No Discount,100,No Discount,100,0,0,0,0,0,0,0,0,0,0,0,412,0,2025-04-15
150415413,1BK1027697,750,No Discount,100,No Discount,100,No Discount,100,0,0,0,0,0,0,0,0,0,0,0,413,0,2025-04-15
150415414,1BK552683,790,No Discount,100,No Discount,100,No Discount,100,0,0,0,0,0,0,0,0,0,0,0,414,0,2025-04-15
150415415,1CS100013YO,468,10% Off,90,No Discount,100,No Discount,100,0,0,0,0,0,0,0,0,0,0,0,415,0,2025-04-15
150415416,1CS206750100,538,10% Off,90,No Discount,100,No Discount,100,0,0,0,0,0,0,0,0,0,0,0,416,0,2025-04-15
150415417,1CS2067502Y2,538,10% Off,90,No Discount,100,No Discount,100,0,0,0,0,0,0,0,0,0,0,0,417,0,2025-04-15
150415418,1CS207446060,249,No Discount,100,No Discount,100,No Discount,100,0,0,0,0,0,0,0,0,0,0,0,418,0,2025-04-15
150415419,1CS208371001,339,No Discount,100,No Discount,100,No Discount,100,0,0,0,0,0,0,0,0,0,0,0,419,0,2025-04-15
150415420,1CS208371100,339,No Discount,100,No Discount,100,No Discount,100,0,0,0,0,0,0,0,0,0,0,0,420,0,2025-04-15
150415421,1CS208371410,339,No Discount,100,No Discount,100,No Discount,100,0,0,0,0,0,0,0,0,0,0,0,421,0,2025-04-15
150415422,1CS208776001,568,10% Off,90,No Discount,100,No Discount,100,0,0,0,0,0,0,0,0,0,0,0,422,0,2025-04-15
150415423,1CS2087312Y2,249,No Discount,100,No Discount,100,No Discount,100,0,0,0,0,0,0,0,0,0,0,0,423,0,2025-04-15
150415424,1CS209563001,379,No Discount,100,No Discount,100,No Discount,100,0,0,0,0,0,0,0,0,0,0,0,424,0,2025-04-15
150415425,1CS209483769,349,No Discount,100,No Discount,100,No Discount,100,0,0,0,0,0,0,0,0,0,0,0,425,0,2025-04-15
150415426,1CS2067080WW,399,No Discount,100,No Discount,100,No Discount,100,0,0,0,0,0,0,0,0,0,0,0,426,0,2025-04-15
150415427,1CS2072410WV,568,10% Off,90,No Discount,100,No Discount,100,0,0,0,0,0,0,0,0,0,0,0,427,0,2025-04-15
150415428,1CS209938001,698,10% Off,90,No Discount,100,No Discount,100,0,0,0,0,0,0,0,0,0,0,0,428,0,2025-04-15
150415429,1CS210103100,499,No Discount,100,No Discount,100,No Discount,100,0,0,0,0,0,0,0,0,0,0,0,429,0,2025-04-15
150415430,1CS20675076O,399,No Discount,100,No Discount,100,No Discount,100,0,0,0,0,0,0,0,0,0,0,0,430,0,2025-04-15
150415431,1CS21034390H,339,No Discount,100,No Discount,100,No Discount,100,0,0,0,0,0,0,0,0,0,0,0,431,0,2025-04-15
150415432,1CS210581001,538,10% Off,90,No Discount,100,No Discount,100,0,0,0,0,0,0,0,0,0,0,0,432,0,2025-04-15
150415433,1CS2067506XF,379,No Discount,100,No Discount,100,No Discount,100,0,0,0,0,0,0,0,0,0,0,0,433,0,2025-04-15
150415434,1CS21022490H,668,10% Off,90,No Discount,100,No Discount,100,0,0,0,0,0,0,0,0,0,0,0,434,0,2025-04-15
150415435,1CS2096826ZR,379,No Discount,100,No Discount,100,No Discount,100,0,0,0,0,0,0,0,0,0,0,0,435,0,2025-04-15
150415436,1CS2109276ZR,538,10% Off,90,No Discount,100,No Discount,100,0,0,0,0,0,0,0,0,0,0,0,436,0,2025-04-15
150415437,1CS2109796XX,738,10% Off,90,No Discount,100,No Discount,100,0,0,0,0,0,0,0,0,0,0,0,437,0,2025-04-15
150415438,1CS209964001,638,10% Off,90,No Discount,100,No Discount,100,0,0,0,0,0,0,0,0,0,0,0,438,0,2025-04-15
150415439,1CS21087790H,698,10% Off,90,No Discount,100,No Discount,100,0,0,0,0,0,0,0,0,0,0,0,439,0,2025-04-15
150415440,1CS2110245BR,598,10% Off,90,No Discount,100,No Discount,100,0,0,0,0,0,0,0,0,0,0,0,440,0,2025-04-15
150415441,1CS206302001,698,10% Off,90,No Discount,100,No Discount,100,0,0,0,0,0,0,0,0,0,0,0,441,0,2025-04-15
150415442,1CS209937060,698,10% Off,90,No Discount,100,No Discount,100,0,0,0,0,0,0,0,0,0,0,0,442,0,2025-04-15
150415443,1CS2099371HR,698,10% Off,90,No Discount,100,No Discount,100,0,0,0,0,0,0,0,0,0,0,0,443,0,2025-04-15
150415444,1CS2099641FT,638,10% Off,90,No Discount,100,No Discount,100,0,0,0,0,0,0,0,0,0,0,0,444,0,2025-04-15
150415445,1HK1147851BBLC,1199,10% Off,90,No Discount,100,No Discount,100,2,2,2,2,1,1,0,0,0,0,0,445,0,2025-04-15
150415446,1HK1155113FTRS,1349,10% Off,90,No Discount,100,No Discount,100,2,2,2,1,2,2,2,0,0,0,0,446,0,2025-04-15
150415447,1HK1155113MTW,1349,10% Off,90,No Discount,100,No Discount,100,1,2,2,2,2,1,2,0,0,0,0,447,0,2025-04-15
150415448,1HK1155131HKC,999,10% Off,90,No Discount,100,No Discount,100,2,2,2,2,2,2,0,0,0,0,0,448,0,2025-04-15
150415449,1HK1147851BWHT,959,No Discount,100,No Discount,100,No Discount,100,2,1,2,1,1,1,1,0,0,0,0,449,0,2025-04-15
150415450,1HK1147810BWHT,879,No Discount,100,No Discount,100,No Discount,100,2,2,2,2,1,2,2,0,0,0,0,450,0,2025-04-15
150415451,1HK1134532SCCP,899,10% Off,90,No Discount,100,No Discount,100,0,1,0,2,0,2,0,2,0,2,0,451,0,2025-04-15
150415452,1CS21052790H,399,No Discount,100,No Discount,100,No Discount,100,0,0,0,0,0,0,0,0,0,0,0,452,0,2025-04-15
150415453,1CS21052990H,399,No Discount,100,No Discount,100,No Discount,100,0,0,0,0,0,0,0,0,0,0,0,453,0,2025-04-15
150415454,1CS210059001,598,10% Off,90,No Discount,100,No Discount,100,0,0,0,0,0,0,0,0,0,0,0,454,0,2025-04-15
150415455,,999,No Discount,100,No Discount,100,No Discount,100,0,0,0,0,0,0,0,0,0,0,0,455,0,2025-04-15
150415456,129L47589000,1598,10% Off,90,No Discount,100,No Discount,100,2,2,2,2,2,0,0,0,0,0,0,456,0,2025-04-15
150415457,185125215BBK,599,No Discount,100,No Discount,100,No Discount,100,0,2,0,2,0,2,0,0,0,0,0,457,0,2025-04-15
150415458,112W680CC8,349,No Discount,100,No Discount,100,No Discount,100,1,1,1,1,1,1,0,0,0,0,0,458,0,2025-04-15
150415459,108JQ0955,539,No Discount,100,No Discount,100,No Discount,100,2,2,2,2,2,2,2,0,0,0,0,459,0,2025-04-15
150415460,1151012B661001,629,No Discount,100,No Discount,100,No Discount,100,2,1,1,1,1,1,2,1,0,0,0,460,0,2025-04-15
150415461,1151012B607003,869,No Discount,100,No Discount,100,No Discount,100,2,2,2,2,2,1,1,1,0,0,0,461,0,2025-04-15
150415462,112U1080J13,699,No Discount,100,No Discount,100,No Discount,100,2,2,1,2,1,1,1,1,1,1,0,462,0,2025-04-15
150415463,10K10768903,349,Buy 2 Get 10% Off,90,No Discount,100,No Discount,100,0,0,1,2,2,2,2,2,2,2,2,463,0,2025-04-15
150415464,10K10793703,489,Buy 2 Get 10% Off,90,No Discount,100,No Discount,100,0,0,1,2,2,2,2,2,2,2,2,464,0,2025-04-15
150415465,10K10793903,349,Buy 2 Get 10% Off,90,No Discount,100,No Discount,100,0,0,1,2,2,2,2,2,2,2,2,465,0,2025-04-15
150415466,108ID8845,999,No Discount,100,No Discount,100,No Discount,100,2,2,2,2,2,2,0,0,0,0,0,466,0,2025-04-15
150415467,10K10768303,1189,Buy 2 Get 10% Off,90,No Discount,100,No Discount,100,1,1,1,2,2,2,2,2,2,2,2,467,0,2025-04-15
150415468,10K10789503,489,Buy 2 Get 10% Off,90,No Discount,100,No Discount,100,1,1,1,2,2,2,2,2,2,2,2,468,0,2025-04-15
150415469,10K10790703,349,Buy 2 Get 10% Off,90,No Discount,100,No Discount,100,1,1,1,2,2,2,2,2,2,2,2,469,0,2025-04-15
150415470,10K10793103,489,Buy 2 Get 10% Off,90,No Discount,100,No Discount,100,0,0,1,2,2,2,2,2,2,2,2,470,0,2025-04-15
150415471,10K10793603,489,Buy 2 Get 10% Off,90,No Discount,100,No Discount,100,0,0,1,2,2,2,2,2,2,2,2,471,0,2025-04-15
150415472,108IE8827,249,No Discount,100,No Discount,100,No Discount,100,1,2,2,2,2,1,0,0,0,0,0,472,0,2025-04-15
150415473,10K10768703,489,Buy 2 Get 10% Off,90,No Discount,100,No Discount,100,0,0,1,2,2,2,2,2,2,2,2,473,0,2025-04-15
150415474,10K10789203,489,Buy 2 Get 10% Off,90,No Discount,100,No Discount,100,1,1,1,2,2,2,2,2,2,2,2,474,0,2025-04-15
150415475,10K10791603,1189,Buy 2 Get 10% Off,90,No Discount,100,No Discount,100,1,1,1,2,2,2,2,2,2,2,2,475,0,2025-04-15
150415476,10K10794203,349,Buy 2 Get 10% Off,90,No Discount,100,No Discount,100,0,0,1,2,2,2,2,2,2,2,2,476,0,2025-04-15
150415477,1BK1027630,590,No Discount,100,No Discount,100,No Discount,100,0,0,0,0,0,0,0,0,0,0,0,477,0,2025-04-15
150415478,108ID3595,499,No Discount,100,No Discount,100,No Discount,100,1,2,2,1,2,2,0,0,0,0,0,478,0,2025-04-15
150415479,1151012B507700,759,No Discount,100,No Discount,100,No Discount,100,0,0,0,0,0,0,0,0,0,0,0,479,0,2025-04-15